team_id,user_id,role,joined_at
2,222,owner,2025-02-15 00:20:12
2,27,member,2025-02-09 00:20:12
2,335,member,2025-02-09 00:20:12
5,240,owner,2025-03-11 12:13:53
5,922,member,2025-03-21 12:13:53
5,916,member,2025-03-19 12:13:53
7,857,owner,2025-04-23 16:49:07
7,12,member,2025-04-21 16:49:07
7,755,member,2025-04-25 16:49:07
8,948,owner,2025-04-01 17:44:53
8,992,member,2025-04-02 17:44:53
9,695,owner,2025-04-04 01:03:15
9,539,member,2025-04-01 01:03:15
9,806,member,2025-04-03 01:03:15
10,538,owner,2025-02-04 17:08:00
10,785,member,2025-02-04 17:08:00
10,126,member,2025-02-13 17:08:00
11,745,owner,2025-04-27 16:09:44
11,927,member,2025-04-22 16:09:44
11,224,member,2025-04-19 16:09:44
11,80,member,2025-04-19 16:09:44
12,911,owner,2025-03-03 07:17:22
12,377,member,2025-03-03 07:17:22
12,622,member,2025-02-25 07:17:22
12,547,member,2025-02-23 07:17:22
13,718,owner,2025-05-05 18:30:26
13,862,member,2025-05-01 18:30:26
14,721,owner,2025-04-08 10:08:14
14,291,member,2025-04-15 10:08:14
14,765,member,2025-04-07 10:08:14
15,326,owner,2025-02-13 22:35:35
15,601,member,2025-02-16 22:35:35
15,46,member,2025-02-11 22:35:35
15,49,member,2025-02-17 22:35:35
15,253,member,2025-02-20 22:35:35
18,437,owner,2025-04-22 09:13:02
18,558,member,2025-04-22 09:13:02
20,199,owner,2025-01-18 04:58:06
20,561,member,2025-01-17 04:58:06
22,144,owner,2025-02-15 02:38:36
22,11,member,2025-02-08 02:38:36
22,75,member,2025-02-14 02:38:36
25,786,owner,2025-03-22 04:31:53
25,535,member,2025-03-27 04:31:53
26,154,owner,2025-04-04 20:15:52
26,710,member,2025-03-31 20:15:52
26,626,member,2025-04-01 20:15:52
27,262,owner,2025-03-06 15:45:07
27,107,member,2025-03-05 15:45:07
27,68,member,2025-03-11 15:45:07
28,948,owner,2025-01-13 12:11:48
28,338,member,2025-01-18 12:11:48
28,249,member,2025-01-19 12:11:48
30,273,owner,2025-03-14 02:40:33
30,364,member,2025-03-23 02:40:33
32,130,owner,2025-02-11 22:33:36
32,881,member,2025-02-17 22:33:36
32,587,member,2025-02-15 22:33:36
33,484,owner,2025-04-24 09:24:36
33,425,member,2025-04-23 09:24:36
33,351,member,2025-04-21 09:24:36
33,736,member,2025-04-28 09:24:36
37,912,owner,2025-04-13 06:20:48
37,118,member,2025-04-14 06:20:48
37,703,member,2025-04-06 06:20:48
38,946,owner,2025-03-07 06:52:48
38,839,member,2025-03-11 06:52:48
38,331,member,2025-03-13 06:52:48
38,129,member,2025-03-05 06:52:48
39,225,owner,2025-03-22 10:33:59
39,70,member,2025-03-27 10:33:59
39,531,member,2025-03-18 10:33:59
40,6,owner,2025-02-11 10:15:57
40,252,member,2025-02-09 10:15:57
40,722,member,2025-02-12 10:15:57
43,561,owner,2025-01-29 13:00:54
43,575,member,2025-01-29 13:00:54
43,883,member,2025-02-02 13:00:54
46,477,owner,2025-02-12 23:27:27
46,684,member,2025-02-14 23:27:27
46,776,member,2025-02-13 23:27:27
46,316,member,2025-02-17 23:27:27
47,223,owner,2025-04-06 04:41:29
47,981,member,2025-04-07 04:41:29
47,37,member,2025-04-01 04:41:29
47,726,member,2025-04-05 04:41:29
49,441,owner,2025-03-21 15:03:48
49,398,member,2025-03-15 15:03:48
53,102,owner,2025-01-24 10:48:10
53,91,member,2025-01-20 10:48:10
54,25,owner,2025-01-18 23:26:51
54,219,member,2025-01-14 23:26:51
54,76,member,2025-01-18 23:26:51
54,610,member,2025-01-20 23:26:51
55,997,owner,2025-04-15 16:12:35
55,581,member,2025-04-09 16:12:35
55,987,member,2025-04-09 16:12:35
56,592,owner,2025-01-23 02:41:41
56,744,member,2025-01-22 02:41:41
56,152,member,2025-01-24 02:41:41
58,146,owner,2025-02-04 00:39:10
58,510,member,2025-02-08 00:39:10
59,860,owner,2025-02-21 01:19:44
59,188,member,2025-02-18 01:19:44
61,988,owner,2025-02-25 16:00:54
61,482,member,2025-03-01 16:00:54
62,612,owner,2025-05-07 04:27:35
62,657,member,2025-05-06 04:27:35
63,254,owner,2025-04-25 14:42:53
63,835,member,2025-04-23 14:42:53
63,572,member,2025-04-17 14:42:53
66,305,owner,2025-02-17 22:45:43
66,369,member,2025-02-20 22:45:43
66,425,member,2025-02-21 22:45:43
66,509,member,2025-02-18 22:45:43
67,723,owner,2025-04-25 02:27:26
67,125,member,2025-04-25 02:27:26
67,170,member,2025-04-28 02:27:26
68,122,owner,2025-02-24 00:55:35
68,954,member,2025-02-25 00:55:35
70,464,owner,2025-03-02 06:04:03
70,11,member,2025-03-05 06:04:03
71,388,owner,2025-03-21 17:25:53
71,191,member,2025-03-22 17:25:53
71,783,member,2025-03-24 17:25:53
72,797,owner,2025-02-28 23:38:16
72,149,member,2025-02-28 23:38:16
72,974,member,2025-02-20 23:38:16
73,836,owner,2025-02-10 08:23:33
73,754,member,2025-02-06 08:23:33
73,785,member,2025-02-10 08:23:33
74,998,owner,2025-02-22 21:38:05
74,460,member,2025-02-28 21:38:05
74,513,member,2025-03-01 21:38:05
75,502,owner,2025-02-07 00:51:53
75,72,member,2025-02-02 00:51:53
75,654,member,2025-02-07 00:51:53
75,531,member,2025-02-07 00:51:53
76,866,owner,2025-05-01 19:25:24
76,856,member,2025-05-03 19:25:24
76,96,member,2025-05-05 19:25:24
76,699,member,2025-04-30 19:25:24
77,937,owner,2025-02-11 21:56:21
77,260,member,2025-02-09 21:56:21
77,709,member,2025-02-11 21:56:21
78,529,owner,2025-03-25 02:35:33
78,585,member,2025-03-22 02:35:33
78,8,member,2025-03-20 02:35:33
79,424,owner,2025-02-14 11:32:52
79,313,member,2025-02-15 11:32:52
79,788,member,2025-02-11 11:32:52
81,814,owner,2025-03-22 06:22:31
81,305,member,2025-03-22 06:22:31
82,397,owner,2025-04-09 21:58:53
82,586,member,2025-04-12 21:58:53
82,426,member,2025-04-12 21:58:53
83,347,owner,2025-03-04 08:02:07
83,917,member,2025-02-27 08:02:07
83,251,member,2025-03-05 08:02:07
83,740,member,2025-03-02 08:02:07
84,806,owner,2025-03-26 11:06:36
84,655,member,2025-03-24 11:06:36
84,695,member,2025-03-21 11:06:36
84,224,member,2025-03-27 11:06:36
85,332,owner,2025-04-02 01:10:04
85,781,member,2025-03-27 01:10:04
85,486,member,2025-03-31 01:10:04
87,215,owner,2025-03-17 09:55:42
87,841,member,2025-03-13 09:55:42
89,780,owner,2025-03-29 07:29:49
89,174,member,2025-03-28 07:29:49
90,943,owner,2025-05-09 15:36:26
90,401,member,2025-05-06 15:36:26
90,765,member,2025-05-05 15:36:26
90,570,member,2025-05-04 15:36:26
90,31,member,2025-05-06 15:36:26
91,536,owner,2025-01-18 03:15:40
91,351,member,2025-01-28 03:15:40
92,532,owner,2025-02-25 12:07:07
92,947,member,2025-02-18 12:07:07
92,755,member,2025-02-20 12:07:07
93,381,owner,2025-04-24 21:15:34
93,691,member,2025-04-15 21:15:34
93,114,member,2025-04-23 21:15:34
93,193,member,2025-04-18 21:15:34
94,330,owner,2025-02-05 23:35:03
94,249,member,2025-02-08 23:35:03
94,925,member,2025-02-02 23:35:03
94,540,member,2025-02-05 23:35:03
95,416,owner,2025-02-03 05:49:34
95,615,member,2025-02-06 05:49:34
95,144,member,2025-02-06 05:49:34
95,950,member,2025-02-06 05:49:34
96,442,owner,2025-03-31 03:11:52
96,6,member,2025-04-05 03:11:52
96,871,member,2025-04-05 03:11:52
97,758,owner,2025-03-26 15:52:53
97,159,member,2025-03-31 15:52:53
97,837,member,2025-03-30 15:52:53
99,163,owner,2025-02-10 21:20:56
99,397,member,2025-02-12 21:20:56
99,254,member,2025-02-06 21:20:56
100,757,owner,2025-03-19 08:49:47
100,440,member,2025-03-12 08:49:47
100,442,member,2025-03-14 08:49:47
101,134,owner,2025-02-09 11:55:04
101,766,member,2025-02-06 11:55:04
103,267,owner,2025-02-21 20:17:39
103,200,member,2025-02-23 20:17:39
103,468,member,2025-02-25 20:17:39
105,620,owner,2025-02-23 13:32:55
105,131,member,2025-02-15 13:32:55
106,660,owner,2025-03-11 03:30:57
106,475,member,2025-03-15 03:30:57
106,602,member,2025-03-11 03:30:57
106,697,member,2025-03-13 03:30:57
108,308,owner,2025-02-20 16:17:04
108,554,member,2025-02-22 16:17:04
108,520,member,2025-02-15 16:17:04
108,499,member,2025-02-14 16:17:04
109,49,owner,2025-01-28 13:17:48
109,781,member,2025-02-01 13:17:48
109,939,member,2025-01-30 13:17:48
110,421,owner,2025-03-24 18:41:00
110,32,member,2025-03-28 18:41:00
110,36,member,2025-03-18 18:41:00
111,351,owner,2025-02-10 06:11:21
111,777,member,2025-02-04 06:11:21
112,168,owner,2025-03-28 01:05:05
112,654,member,2025-03-28 01:05:05
112,814,member,2025-03-22 01:05:05
112,386,member,2025-03-25 01:05:05
114,4,owner,2025-02-26 15:21:11
114,752,member,2025-02-26 15:21:11
115,426,owner,2025-01-23 19:39:44
115,830,member,2025-01-21 19:39:44
115,825,member,2025-01-18 19:39:44
115,537,member,2025-01-15 19:39:44
116,994,owner,2025-04-03 07:32:06
116,313,member,2025-04-05 07:32:06
117,728,owner,2025-01-18 08:06:02
117,531,member,2025-01-18 08:06:02
118,641,owner,2025-04-17 12:57:29
118,682,member,2025-04-13 12:57:29
118,544,member,2025-04-16 12:57:29
120,202,owner,2025-04-07 05:16:23
120,573,member,2025-04-05 05:16:23
120,834,member,2025-04-08 05:16:23
120,699,member,2025-04-10 05:16:23
121,314,owner,2025-03-05 01:35:13
121,740,member,2025-03-08 01:35:13
121,298,member,2025-03-12 01:35:13
121,927,member,2025-03-05 01:35:13
121,76,member,2025-03-03 01:35:13
122,73,owner,2025-03-26 05:49:15
122,658,member,2025-03-22 05:49:15
123,669,owner,2025-02-22 05:30:01
123,988,member,2025-02-21 05:30:01
123,315,member,2025-02-21 05:30:01
126,625,owner,2025-04-17 15:36:56
126,167,member,2025-04-21 15:36:56
126,872,member,2025-04-23 15:36:56
126,312,member,2025-04-22 15:36:56
126,949,member,2025-04-17 15:36:56
127,772,owner,2025-03-28 09:12:14
127,568,member,2025-03-29 09:12:14
129,308,owner,2025-01-19 07:59:55
129,719,member,2025-01-26 07:59:55
130,778,owner,2025-03-27 02:57:56
130,905,member,2025-03-22 02:57:56
130,280,member,2025-03-30 02:57:56
130,114,member,2025-03-26 02:57:56
131,943,owner,2025-01-25 10:06:58
131,339,member,2025-01-22 10:06:58
131,534,member,2025-01-22 10:06:58
131,10,member,2025-01-18 10:06:58
133,877,owner,2025-01-25 21:04:56
133,884,member,2025-01-23 21:04:56
133,139,member,2025-01-26 21:04:56
133,437,member,2025-01-27 21:04:56
134,564,owner,2025-04-18 08:10:17
134,539,member,2025-04-16 08:10:17
136,677,owner,2025-02-01 00:50:26
136,858,member,2025-02-04 00:50:26
136,544,member,2025-02-08 00:50:26
139,915,owner,2025-01-28 10:12:37
139,435,member,2025-01-31 10:12:37
141,59,owner,2025-02-01 05:51:56
141,272,member,2025-02-05 05:51:56
141,720,member,2025-02-05 05:51:56
142,726,owner,2025-04-21 01:32:57
142,700,member,2025-04-15 01:32:57
142,367,member,2025-04-15 01:32:57
142,532,member,2025-04-24 01:32:57
142,951,member,2025-04-25 01:32:57
143,611,owner,2025-03-08 22:20:22
143,393,member,2025-03-11 22:20:22
143,787,member,2025-03-05 22:20:22
144,66,owner,2025-03-29 23:42:42
144,436,member,2025-04-05 23:42:42
144,419,member,2025-04-06 23:42:42
144,497,member,2025-04-08 23:42:42
145,501,owner,2025-03-17 06:53:21
145,691,member,2025-03-20 06:53:21
145,289,member,2025-03-19 06:53:21
147,17,owner,2025-02-07 10:14:35
147,894,member,2025-02-07 10:14:35
148,573,owner,2025-03-14 10:37:10
148,942,member,2025-03-17 10:37:10
148,622,member,2025-03-11 10:37:10
148,663,member,2025-03-13 10:37:10
149,357,owner,2025-03-05 04:17:47
149,198,member,2025-03-01 04:17:47
149,72,member,2025-03-02 04:17:47
149,58,member,2025-03-10 04:17:47
150,789,owner,2025-02-09 02:17:40
150,462,member,2025-02-11 02:17:40
151,646,owner,2025-03-20 04:46:33
151,535,member,2025-03-23 04:46:33
151,550,member,2025-03-24 04:46:33
154,931,owner,2025-03-05 12:51:44
154,968,member,2025-03-14 12:51:44
154,337,member,2025-03-15 12:51:44
158,609,owner,2025-02-12 01:49:24
158,269,member,2025-02-09 01:49:24
158,572,member,2025-02-15 01:49:24
160,546,owner,2025-01-22 07:46:56
160,988,member,2025-01-29 07:46:56
160,14,member,2025-01-27 07:46:56
160,174,member,2025-01-29 07:46:56
160,264,member,2025-01-29 07:46:56
161,383,owner,2025-04-18 17:17:27
161,532,member,2025-04-14 17:17:27
161,698,member,2025-04-18 17:17:27
161,409,member,2025-04-12 17:17:27
163,324,owner,2025-02-01 04:26:06
163,863,member,2025-01-24 04:26:06
165,220,owner,2025-02-19 04:12:15
165,626,member,2025-02-16 04:12:15
169,646,owner,2025-04-06 14:57:18
169,181,member,2025-04-05 14:57:18
169,3,member,2025-04-07 14:57:18
169,970,member,2025-04-10 14:57:18
171,823,owner,2025-05-01 11:10:14
171,864,member,2025-05-08 11:10:14
171,415,member,2025-05-10 11:10:14
171,71,member,2025-05-01 11:10:14
173,768,owner,2025-03-01 18:08:02
173,412,member,2025-02-21 18:08:02
175,434,owner,2025-01-22 11:36:48
175,861,member,2025-01-13 11:36:48
175,619,member,2025-01-15 11:36:48
175,405,member,2025-01-15 11:36:48
176,397,owner,2025-02-16 01:46:31
176,303,member,2025-02-16 01:46:31
177,975,owner,2025-01-21 03:21:46
177,921,member,2025-01-24 03:21:46
177,390,member,2025-01-22 03:21:46
180,969,owner,2025-03-02 03:29:30
180,700,member,2025-02-26 03:29:30
180,899,member,2025-02-22 03:29:30
181,343,owner,2025-01-25 17:37:52
181,714,member,2025-01-25 17:37:52
181,136,member,2025-01-23 17:37:52
182,13,owner,2025-04-05 03:26:02
182,162,member,2025-04-05 03:26:02
182,560,member,2025-04-07 03:26:02
182,71,member,2025-04-04 03:26:02
183,576,owner,2025-02-12 21:34:08
183,529,member,2025-02-05 21:34:08
186,377,owner,2025-02-13 00:53:44
186,515,member,2025-02-11 00:53:44
186,848,member,2025-02-13 00:53:44
186,716,member,2025-02-11 00:53:44
187,798,owner,2025-02-13 23:26:51
187,616,member,2025-02-11 23:26:51
187,384,member,2025-02-14 23:26:51
187,984,member,2025-02-15 23:26:51
188,542,owner,2025-04-12 20:33:47
188,196,member,2025-04-18 20:33:47
188,366,member,2025-04-19 20:33:47
188,511,member,2025-04-18 20:33:47
189,797,owner,2025-04-24 08:18:38
189,307,member,2025-04-22 08:18:38
190,852,owner,2025-02-01 18:40:06
190,287,member,2025-01-24 18:40:06
190,662,member,2025-01-28 18:40:06
190,697,member,2025-01-25 18:40:06
192,762,owner,2025-03-22 17:31:13
192,692,member,2025-03-14 17:31:13
192,743,member,2025-03-21 17:31:13
196,700,owner,2025-02-02 22:14:36
196,356,member,2025-01-26 22:14:36
198,849,owner,2025-03-19 19:20:53
198,282,member,2025-03-28 19:20:53
198,35,member,2025-03-19 19:20:53
199,993,owner,2025-03-27 20:34:31
199,116,member,2025-03-30 20:34:31
200,635,owner,2025-03-16 08:08:49
200,285,member,2025-03-14 08:08:49
201,830,owner,2025-03-28 17:45:28
201,897,member,2025-03-29 17:45:28
202,832,owner,2025-02-28 06:10:31
202,686,member,2025-02-25 06:10:31
202,462,member,2025-02-23 06:10:31
203,555,owner,2025-04-09 04:11:54
203,380,member,2025-04-08 04:11:54
205,109,owner,2025-01-14 15:23:43
205,586,member,2025-01-15 15:23:43
205,394,member,2025-01-18 15:23:43
207,580,owner,2025-03-26 01:33:51
207,907,member,2025-03-23 01:33:51
207,48,member,2025-03-24 01:33:51
207,164,member,2025-04-01 01:33:51
208,77,owner,2025-02-23 15:32:53
208,700,member,2025-02-22 15:32:53
208,309,member,2025-02-17 15:32:53
209,915,owner,2025-05-02 07:19:13
209,913,member,2025-04-28 07:19:13
209,513,member,2025-04-26 07:19:13
209,973,member,2025-04-25 07:19:13
211,682,owner,2025-03-15 06:38:01
211,721,member,2025-03-14 06:38:01
215,280,owner,2025-03-13 01:47:54
215,34,member,2025-03-18 01:47:54
215,610,member,2025-03-15 01:47:54
215,994,member,2025-03-14 01:47:54
217,981,owner,2025-03-06 23:36:29
217,229,member,2025-03-08 23:36:29
219,473,owner,2025-04-23 19:52:24
219,799,member,2025-04-21 19:52:24
219,152,member,2025-04-24 19:52:24
223,125,owner,2025-02-15 17:17:18
223,877,member,2025-02-17 17:17:18
223,881,member,2025-02-17 17:17:18
223,950,member,2025-02-12 17:17:18
224,501,owner,2025-03-09 09:50:49
224,582,member,2025-03-06 09:50:49
225,422,owner,2025-04-06 09:34:05
225,771,member,2025-04-06 09:34:05
225,692,member,2025-04-04 09:34:05
226,503,owner,2025-02-08 23:13:48
226,390,member,2025-02-08 23:13:48
226,325,member,2025-02-05 23:13:48
227,468,owner,2025-02-26 21:28:30
227,65,member,2025-02-28 21:28:30
227,97,member,2025-03-01 21:28:30
227,256,member,2025-02-22 21:28:30
229,294,owner,2025-03-23 19:00:33
229,415,member,2025-03-27 19:00:33
229,122,member,2025-03-20 19:00:33
230,115,owner,2025-02-24 05:21:14
230,657,member,2025-02-23 05:21:14
230,234,member,2025-02-15 05:21:14
233,340,owner,2025-01-29 02:16:00
233,980,member,2025-01-27 02:16:00
233,754,member,2025-01-19 02:16:00
235,675,owner,2025-02-09 11:25:30
235,244,member,2025-02-11 11:25:30
235,548,member,2025-02-04 11:25:30
235,643,member,2025-02-03 11:25:30
238,107,owner,2025-04-04 05:03:23
238,578,member,2025-04-05 05:03:23
238,265,member,2025-04-03 05:03:23
239,186,owner,2025-04-12 23:07:57
239,764,member,2025-04-13 23:07:57
239,575,member,2025-04-13 23:07:57
239,51,member,2025-04-12 23:07:57
241,203,owner,2025-02-22 18:02:58
241,395,member,2025-02-21 18:02:58
241,22,member,2025-02-24 18:02:58
242,217,owner,2025-01-27 22:51:12
242,157,member,2025-01-26 22:51:12
242,175,member,2025-02-02 22:51:12
242,786,member,2025-01-29 22:51:12
243,547,owner,2025-03-14 16:57:26
243,384,member,2025-03-15 16:57:26
244,559,owner,2025-01-19 16:46:28
244,576,member,2025-01-21 16:46:28
244,866,member,2025-01-27 16:46:28
246,539,owner,2025-03-12 12:34:26
246,634,member,2025-03-11 12:34:26
246,122,member,2025-03-11 12:34:26
246,182,member,2025-03-14 12:34:26
246,844,member,2025-03-14 12:34:26
250,118,owner,2025-01-15 21:48:54
250,448,member,2025-01-13 21:48:54
250,427,member,2025-01-16 21:48:54
254,565,owner,2025-03-29 23:40:16
254,497,member,2025-03-23 23:40:16
254,844,member,2025-03-30 23:40:16
254,860,member,2025-03-22 23:40:16
255,706,owner,2025-03-10 20:35:43
255,331,member,2025-03-06 20:35:43
255,701,member,2025-03-10 20:35:43
256,894,owner,2025-02-27 17:49:28
256,849,member,2025-03-03 17:49:28
260,909,owner,2025-01-19 14:06:10
260,492,member,2025-01-15 14:06:10
261,850,owner,2025-02-04 19:12:21
261,278,member,2025-02-10 19:12:21
261,795,member,2025-02-07 19:12:21
261,761,member,2025-02-02 19:12:21
263,997,owner,2025-04-01 11:57:55
263,479,member,2025-04-02 11:57:55
264,19,owner,2025-04-22 13:10:02
264,819,member,2025-04-27 13:10:02
264,184,member,2025-04-22 13:10:02
264,168,member,2025-05-02 13:10:02
266,816,owner,2025-01-30 18:37:41
266,378,member,2025-02-06 18:37:41
266,896,member,2025-02-07 18:37:41
266,73,member,2025-01-29 18:37:41
266,671,member,2025-01-28 18:37:41
267,497,owner,2025-04-22 15:49:30
267,315,member,2025-04-20 15:49:30
267,668,member,2025-04-27 15:49:30
267,281,member,2025-04-30 15:49:30
271,983,owner,2025-02-18 16:11:10
271,503,member,2025-02-27 16:11:10
271,285,member,2025-02-19 16:11:10
271,427,member,2025-02-27 16:11:10
272,526,owner,2025-01-17 18:32:58
272,881,member,2025-01-18 18:32:58
274,605,owner,2025-04-23 14:14:07
274,928,member,2025-04-19 14:14:07
274,832,member,2025-04-24 14:14:07
285,69,owner,2025-04-04 01:55:16
285,543,member,2025-04-06 01:55:16
286,671,owner,2025-04-05 13:46:45
286,194,member,2025-04-05 13:46:45
286,135,member,2025-03-28 13:46:45
286,136,member,2025-03-28 13:46:45
287,436,owner,2025-02-05 18:14:11
287,274,member,2025-02-04 18:14:11
287,773,member,2025-02-12 18:14:11
289,923,owner,2025-04-25 09:57:28
289,166,member,2025-04-22 09:57:28
289,436,member,2025-04-29 09:57:28
290,311,owner,2025-03-24 03:23:17
290,544,member,2025-03-30 03:23:17
290,590,member,2025-03-22 03:23:17
290,977,member,2025-03-22 03:23:17
291,657,owner,2025-03-18 07:40:31
291,5,member,2025-03-18 07:40:31
291,438,member,2025-03-13 07:40:31
291,828,member,2025-03-09 07:40:31
292,664,owner,2025-02-05 20:34:27
292,32,member,2025-02-03 20:34:27
292,933,member,2025-01-28 20:34:27
292,181,member,2025-02-05 20:34:27
293,923,owner,2025-02-11 16:50:33
293,222,member,2025-02-10 16:50:33
294,192,owner,2025-04-21 04:50:49
294,349,member,2025-04-17 04:50:49
294,619,member,2025-04-15 04:50:49
295,215,owner,2025-03-14 02:24:13
295,553,member,2025-03-16 02:24:13
295,51,member,2025-03-21 02:24:13
298,547,owner,2025-03-21 13:12:12
298,162,member,2025-03-21 13:12:12
298,710,member,2025-03-23 13:12:12
298,342,member,2025-03-21 13:12:12
299,359,owner,2025-04-07 04:39:27
299,483,member,2025-04-12 04:39:27
299,349,member,2025-04-07 04:39:27
299,183,member,2025-04-06 04:39:27
301,908,owner,2025-03-16 16:57:35
301,240,member,2025-03-24 16:57:35
301,205,member,2025-03-24 16:57:35
301,32,member,2025-03-23 16:57:35
301,611,member,2025-03-16 16:57:35
303,639,owner,2025-02-18 12:41:47
303,715,member,2025-02-15 12:41:47
303,661,member,2025-02-18 12:41:47
303,522,member,2025-02-15 12:41:47
305,838,owner,2025-02-09 03:21:21
305,378,member,2025-02-09 03:21:21
306,819,owner,2025-04-12 12:17:48
306,913,member,2025-04-05 12:17:48
306,147,member,2025-04-11 12:17:48
308,896,owner,2025-03-28 19:21:55
308,636,member,2025-03-26 19:21:55
309,911,owner,2025-02-10 14:58:54
309,979,member,2025-02-13 14:58:54
309,229,member,2025-02-14 14:58:54
311,387,owner,2025-03-07 23:33:39
311,59,member,2025-03-03 23:33:39
311,281,member,2025-03-11 23:33:39
312,112,owner,2025-04-28 09:36:13
312,46,member,2025-05-01 09:36:13
312,963,member,2025-05-03 09:36:13
312,98,member,2025-04-26 09:36:13
312,898,member,2025-05-01 09:36:13
313,119,owner,2025-04-21 06:31:17
313,945,member,2025-04-28 06:31:17
314,733,owner,2025-02-11 22:13:24
314,410,member,2025-02-09 22:13:24
314,913,member,2025-02-05 22:13:24
314,476,member,2025-02-12 22:13:24
315,979,owner,2025-02-18 21:29:54
315,403,member,2025-02-19 21:29:54
315,754,member,2025-02-14 21:29:54
316,951,owner,2025-04-09 17:47:00
316,184,member,2025-04-10 17:47:00
316,351,member,2025-04-11 17:47:00
317,646,owner,2025-04-02 21:17:56
317,953,member,2025-04-02 21:17:56
318,912,owner,2025-03-03 01:12:43
318,176,member,2025-03-05 01:12:43
318,260,member,2025-03-03 01:12:43
320,550,owner,2025-04-29 00:21:46
320,677,member,2025-04-23 00:21:46
320,421,member,2025-05-02 00:21:46
321,797,owner,2025-01-31 02:41:36
321,49,member,2025-02-01 02:41:36
321,566,member,2025-02-01 02:41:36
322,211,owner,2025-03-22 09:49:16
322,162,member,2025-03-17 09:49:16
322,341,member,2025-03-25 09:49:16
325,177,owner,2025-03-21 21:37:44
325,61,member,2025-03-23 21:37:44
325,547,member,2025-03-28 21:37:44
326,168,owner,2025-04-03 20:39:30
326,785,member,2025-04-05 20:39:30
326,988,member,2025-04-03 20:39:30
326,999,member,2025-04-02 20:39:30
327,252,owner,2025-03-17 19:49:03
327,449,member,2025-03-21 19:49:03
327,256,member,2025-03-25 19:49:03
327,341,member,2025-03-22 19:49:03
328,184,owner,2025-03-06 07:12:19
328,491,member,2025-03-05 07:12:19
329,28,owner,2025-03-16 20:26:14
329,104,member,2025-03-14 20:26:14
329,42,member,2025-03-11 20:26:14
330,58,owner,2025-02-24 12:40:39
330,769,member,2025-02-25 12:40:39
330,495,member,2025-02-19 12:40:39
330,590,member,2025-02-21 12:40:39
330,897,member,2025-02-21 12:40:39
331,79,owner,2025-04-03 07:51:51
331,772,member,2025-04-08 07:51:51
331,377,member,2025-04-09 07:51:51
332,451,owner,2025-03-05 02:49:48
332,432,member,2025-02-28 02:49:48
332,121,member,2025-03-05 02:49:48
332,596,member,2025-03-04 02:49:48
333,310,owner,2025-02-20 23:02:48
333,198,member,2025-02-20 23:02:48
333,229,member,2025-02-14 23:02:48
334,208,owner,2025-02-28 10:22:21
334,310,member,2025-03-03 10:22:21
335,982,owner,2025-01-27 22:49:04
335,79,member,2025-01-21 22:49:04
335,248,member,2025-01-26 22:49:04
335,960,member,2025-01-24 22:49:04
337,889,owner,2025-03-01 12:22:17
337,895,member,2025-02-19 12:22:17
338,51,owner,2025-01-13 09:13:30
338,476,member,2025-01-20 09:13:30
339,570,owner,2025-02-03 00:23:50
339,71,member,2025-02-01 00:23:50
339,922,member,2025-02-05 00:23:50
339,910,member,2025-02-01 00:23:50
339,382,member,2025-02-09 00:23:50
340,3,owner,2025-04-27 13:38:08
340,540,member,2025-04-24 13:38:08
340,879,member,2025-04-20 13:38:08
343,291,owner,2025-02-13 20:00:18
343,58,member,2025-02-20 20:00:18
347,95,owner,2025-01-18 13:28:44
347,78,member,2025-01-17 13:28:44
347,704,member,2025-01-19 13:28:44
347,77,member,2025-01-18 13:28:44
348,908,owner,2025-03-10 07:49:47
348,405,member,2025-03-05 07:49:47
348,305,member,2025-03-06 07:49:47
349,946,owner,2025-02-07 08:29:44
349,477,member,2025-01-31 08:29:44
349,530,member,2025-02-09 08:29:44
349,739,member,2025-02-05 08:29:44
349,286,member,2025-02-05 08:29:44
352,709,owner,2025-03-14 20:36:47
352,425,member,2025-03-22 20:36:47
352,279,member,2025-03-12 20:36:47
352,174,member,2025-03-12 20:36:47
353,26,owner,2025-03-07 08:20:37
353,815,member,2025-03-14 08:20:37
353,422,member,2025-03-11 08:20:37
353,976,member,2025-03-16 08:20:37
354,80,owner,2025-03-24 18:05:11
354,845,member,2025-04-02 18:05:11
354,299,member,2025-03-30 18:05:11
355,529,owner,2025-04-05 07:50:25
355,104,member,2025-03-27 07:50:25
355,802,member,2025-03-28 07:50:25
355,347,member,2025-03-27 07:50:25
356,201,owner,2025-03-07 08:16:51
356,597,member,2025-02-26 08:16:51
356,774,member,2025-03-07 08:16:51
358,165,owner,2025-03-20 04:27:33
358,776,member,2025-03-14 04:27:33
358,177,member,2025-03-17 04:27:33
359,817,owner,2025-01-16 06:02:57
359,904,member,2025-01-14 06:02:57
361,925,owner,2025-01-29 08:34:12
361,160,member,2025-01-24 08:34:12
361,440,member,2025-01-27 08:34:12
362,770,owner,2025-01-15 05:19:43
362,389,member,2025-01-11 05:19:43
362,761,member,2025-01-12 05:19:43
362,43,member,2025-01-21 05:19:43
364,12,owner,2025-03-19 05:20:09
364,14,member,2025-03-16 05:20:09
364,578,member,2025-03-19 05:20:09
364,664,member,2025-03-16 05:20:09
365,405,owner,2025-04-03 05:22:52
365,710,member,2025-04-01 05:22:52
365,328,member,2025-04-06 05:22:52
366,368,owner,2025-02-04 16:51:43
366,877,member,2025-02-05 16:51:43
369,917,owner,2025-02-02 10:30:09
369,625,member,2025-01-25 10:30:09
369,744,member,2025-01-28 10:30:09
370,681,owner,2025-04-20 19:12:58
370,677,member,2025-04-22 19:12:58
370,712,member,2025-04-14 19:12:58
372,744,owner,2025-02-15 05:52:18
372,47,member,2025-02-10 05:52:18
372,466,member,2025-02-06 05:52:18
372,997,member,2025-02-12 05:52:18
374,548,owner,2025-03-25 11:08:27
374,658,member,2025-03-29 11:08:27
375,474,owner,2025-02-08 21:02:26
375,866,member,2025-02-11 21:02:26
376,214,owner,2025-03-03 22:18:23
376,863,member,2025-03-06 22:18:23
377,341,owner,2025-04-17 10:34:19
377,500,member,2025-04-16 10:34:19
377,694,member,2025-04-18 10:34:19
378,581,owner,2025-03-12 10:37:13
378,224,member,2025-03-11 10:37:13
378,783,member,2025-03-04 10:37:13
381,322,owner,2025-04-30 11:33:56
381,238,member,2025-04-29 11:33:56
382,568,owner,2025-04-23 18:21:33
382,81,member,2025-04-20 18:21:33
384,900,owner,2025-04-16 00:44:30
384,103,member,2025-04-14 00:44:30
384,455,member,2025-04-07 00:44:30
385,334,owner,2025-03-02 19:14:24
385,602,member,2025-02-27 19:14:24
385,169,member,2025-03-01 19:14:24
386,507,owner,2025-01-22 01:01:00
386,664,member,2025-01-18 01:01:00
386,719,member,2025-01-17 01:01:00
386,260,member,2025-01-16 01:01:00
387,421,owner,2025-03-18 11:09:12
387,401,member,2025-03-20 11:09:12
387,157,member,2025-03-14 11:09:12
387,287,member,2025-03-22 11:09:12
389,765,owner,2025-02-26 23:57:59
389,317,member,2025-02-23 23:57:59
389,890,member,2025-02-28 23:57:59
392,229,owner,2025-04-08 08:10:00
392,93,member,2025-03-30 08:10:00
394,825,owner,2025-02-21 21:57:25
394,307,member,2025-02-19 21:57:25
394,526,member,2025-02-18 21:57:25
394,140,member,2025-02-22 21:57:25
396,743,owner,2025-02-02 05:24:03
396,536,member,2025-01-27 05:24:03
397,766,owner,2025-01-12 21:21:22
397,833,member,2025-01-10 21:21:22
397,797,member,2025-01-11 21:21:22
397,293,member,2025-01-17 21:21:22
398,893,owner,2025-02-19 21:40:04
398,468,member,2025-02-25 21:40:04
399,534,owner,2025-04-28 06:03:34
399,952,member,2025-04-21 06:03:34
399,440,member,2025-04-26 06:03:34
399,400,member,2025-04-24 06:03:34
400,825,owner,2025-01-18 03:04:16
400,709,member,2025-01-15 03:04:16
400,54,member,2025-01-20 03:04:16
400,743,member,2025-01-19 03:04:16
402,49,owner,2025-02-22 07:08:46
402,789,member,2025-02-21 07:08:46
403,400,owner,2025-03-11 04:30:10
403,945,member,2025-03-05 04:30:10
403,348,member,2025-03-10 04:30:10
404,738,owner,2025-02-11 02:31:02
404,759,member,2025-02-15 02:31:02
404,169,member,2025-02-14 02:31:02
404,536,member,2025-02-12 02:31:02
406,78,owner,2025-01-16 04:55:45
406,246,member,2025-01-24 04:55:45
407,752,owner,2025-02-05 09:45:44
407,906,member,2025-02-11 09:45:44
407,781,member,2025-02-14 09:45:44
407,241,member,2025-02-11 09:45:44
408,651,owner,2025-03-10 19:28:22
408,730,member,2025-03-12 19:28:22
408,972,member,2025-03-19 19:28:22
409,871,owner,2025-01-22 19:15:09
409,800,member,2025-01-16 19:15:09
409,710,member,2025-01-22 19:15:09
409,566,member,2025-01-20 19:15:09
411,688,owner,2025-03-01 19:55:20
411,661,member,2025-03-06 19:55:20
414,707,owner,2025-03-15 10:37:40
414,576,member,2025-03-23 10:37:40
415,278,owner,2025-04-16 05:33:14
415,434,member,2025-04-17 05:33:14
415,680,member,2025-04-16 05:33:14
416,440,owner,2025-02-18 18:59:03
416,699,member,2025-02-19 18:59:03
416,261,member,2025-02-22 18:59:03
416,112,member,2025-02-21 18:59:03
417,152,owner,2025-04-16 15:00:20
417,430,member,2025-04-20 15:00:20
417,107,member,2025-04-24 15:00:20
417,769,member,2025-04-14 15:00:20
418,797,owner,2025-03-19 03:59:49
418,630,member,2025-03-19 03:59:49
418,748,member,2025-03-17 03:59:49
419,108,owner,2025-01-31 22:48:56
419,282,member,2025-01-23 22:48:56
419,133,member,2025-01-25 22:48:56
419,193,member,2025-01-23 22:48:56
420,248,owner,2025-03-24 17:11:28
420,843,member,2025-03-23 17:11:28
420,358,member,2025-03-27 17:11:28
421,168,owner,2025-03-08 03:48:35
421,656,member,2025-03-13 03:48:35
426,332,owner,2025-04-17 12:30:27
426,852,member,2025-04-15 12:30:27
426,263,member,2025-04-19 12:30:27
426,443,member,2025-04-21 12:30:27
427,582,owner,2025-02-20 21:16:22
427,884,member,2025-02-23 21:16:22
428,376,owner,2025-03-21 19:52:26
428,168,member,2025-03-18 19:52:26
428,227,member,2025-03-13 19:52:26
428,89,member,2025-03-17 19:52:26
428,995,member,2025-03-21 19:52:26
430,551,owner,2025-02-13 17:11:41
430,666,member,2025-02-14 17:11:41
430,848,member,2025-02-09 17:11:41
431,827,owner,2025-03-24 03:37:40
431,747,member,2025-03-24 03:37:40
431,92,member,2025-03-25 03:37:40
434,342,owner,2025-02-17 10:14:20
434,584,member,2025-02-22 10:14:20
435,134,owner,2025-04-01 02:58:57
435,42,member,2025-03-31 02:58:57
435,550,member,2025-03-24 02:58:57
435,883,member,2025-04-01 02:58:57
437,53,owner,2025-04-10 21:58:59
437,26,member,2025-04-14 21:58:59
437,361,member,2025-04-16 21:58:59
437,584,member,2025-04-07 21:58:59
440,769,owner,2025-02-05 12:07:21
440,632,member,2025-01-30 12:07:21
440,842,member,2025-02-07 12:07:21
441,979,owner,2025-01-22 07:37:16
441,891,member,2025-01-17 07:37:16
442,44,owner,2025-04-08 18:34:52
442,170,member,2025-04-12 18:34:52
442,141,member,2025-04-08 18:34:52
444,298,owner,2025-04-15 22:19:11
444,62,member,2025-04-19 22:19:11
444,748,member,2025-04-17 22:19:11
444,507,member,2025-04-18 22:19:11
445,781,owner,2025-04-07 03:53:48
445,59,member,2025-04-06 03:53:48
445,880,member,2025-04-12 03:53:48
445,30,member,2025-04-14 03:53:48
446,52,owner,2025-04-07 13:57:49
446,115,member,2025-04-06 13:57:49
449,329,owner,2025-03-01 17:01:39
449,560,member,2025-02-26 17:01:39
449,433,member,2025-02-28 17:01:39
451,347,owner,2025-01-22 14:13:51
451,117,member,2025-01-19 14:13:51
451,469,member,2025-01-24 14:13:51
452,487,owner,2025-04-08 05:35:44
452,547,member,2025-04-15 05:35:44
452,319,member,2025-04-12 05:35:44
453,15,owner,2025-02-14 01:25:17
453,53,member,2025-02-18 01:25:17
453,561,member,2025-02-12 01:25:17
453,598,member,2025-02-13 01:25:17
454,843,owner,2025-03-27 07:38:14
454,802,member,2025-03-20 07:38:14
454,638,member,2025-03-19 07:38:14
454,971,member,2025-03-17 07:38:14
454,839,member,2025-03-17 07:38:14
456,872,owner,2025-01-29 07:28:52
456,628,member,2025-01-25 07:28:52
456,505,member,2025-02-01 07:28:52
457,668,owner,2025-01-21 10:01:49
457,108,member,2025-01-24 10:01:49
457,421,member,2025-01-20 10:01:49
461,43,owner,2025-01-25 14:20:42
461,145,member,2025-01-27 14:20:42
462,143,owner,2025-03-01 22:22:34
462,319,member,2025-02-27 22:22:34
462,68,member,2025-02-27 22:22:34
463,216,owner,2025-02-21 16:04:00
463,913,member,2025-02-21 16:04:00
464,687,owner,2025-03-24 15:20:07
464,557,member,2025-03-16 15:20:07
464,133,member,2025-03-14 15:20:07
465,874,owner,2025-04-26 20:44:12
465,477,member,2025-04-28 20:44:12
465,714,member,2025-04-29 20:44:12
466,840,owner,2025-03-21 11:04:52
466,61,member,2025-03-24 11:04:52
466,921,member,2025-03-24 11:04:52
466,262,member,2025-03-29 11:04:52
469,154,owner,2025-03-14 08:40:34
469,880,member,2025-03-12 08:40:34
469,819,member,2025-03-19 08:40:34
472,24,owner,2025-03-13 21:34:59
472,750,member,2025-03-16 21:34:59
472,167,member,2025-03-17 21:34:59
472,22,member,2025-03-20 21:34:59
473,263,owner,2025-02-20 23:55:30
473,754,member,2025-02-19 23:55:30
473,961,member,2025-02-15 23:55:30
475,418,owner,2025-01-27 16:23:07
475,822,member,2025-02-01 16:23:07
475,129,member,2025-01-28 16:23:07
477,26,owner,2025-04-17 12:50:01
477,255,member,2025-04-20 12:50:01
477,971,member,2025-04-22 12:50:01
477,301,member,2025-04-18 12:50:01
478,732,owner,2025-04-18 20:15:42
478,811,member,2025-04-19 20:15:42
478,650,member,2025-04-12 20:15:42
479,542,owner,2025-02-13 06:32:21
479,762,member,2025-02-16 06:32:21
479,70,member,2025-02-15 06:32:21
481,450,owner,2025-02-05 16:41:52
481,530,member,2025-01-29 16:41:52
481,822,member,2025-02-01 16:41:52
481,482,member,2025-01-31 16:41:52
482,808,owner,2025-02-22 06:54:27
482,268,member,2025-02-25 06:54:27
482,291,member,2025-02-26 06:54:27
485,618,owner,2025-01-17 05:29:25
485,292,member,2025-01-15 05:29:25
485,177,member,2025-01-22 05:29:25
486,983,owner,2025-04-14 03:08:24
486,113,member,2025-04-13 03:08:24
486,601,member,2025-04-08 03:08:24
487,652,owner,2025-04-17 08:52:33
487,108,member,2025-04-18 08:52:33
487,546,member,2025-04-23 08:52:33
487,918,member,2025-04-25 08:52:33
488,47,owner,2025-04-01 17:23:44
488,843,member,2025-04-01 17:23:44
488,301,member,2025-04-02 17:23:44
490,120,owner,2025-03-23 08:33:20
490,495,member,2025-03-22 08:33:20
494,548,owner,2025-01-18 00:17:47
494,509,member,2025-01-18 00:17:47
494,214,member,2025-01-16 00:17:47
495,693,owner,2025-02-12 06:39:04
495,178,member,2025-02-15 06:39:04
496,613,owner,2025-02-24 06:33:40
496,115,member,2025-02-23 06:33:40
496,714,member,2025-02-20 06:33:40
497,227,owner,2025-03-15 19:45:38
497,585,member,2025-03-11 19:45:38
497,738,member,2025-03-10 19:45:38
498,631,owner,2025-03-04 21:35:31
498,161,member,2025-03-01 21:35:31
500,549,owner,2025-03-26 12:53:07
500,982,member,2025-03-21 12:53:07
500,627,member,2025-03-29 12:53:07
501,329,owner,2025-03-24 19:17:54
501,862,member,2025-03-31 19:17:54
501,50,member,2025-03-29 19:17:54
502,577,owner,2025-04-02 07:00:39
502,988,member,2025-04-05 07:00:39
502,36,member,2025-03-27 07:00:39
504,565,owner,2025-03-07 15:59:42
504,641,member,2025-02-28 15:59:42
505,552,owner,2025-04-18 08:48:01
505,501,member,2025-04-11 08:48:01
505,395,member,2025-04-21 08:48:01
508,609,owner,2025-02-21 16:30:19
508,452,member,2025-02-27 16:30:19
508,266,member,2025-02-21 16:30:19
509,136,owner,2025-03-14 00:29:56
509,792,member,2025-03-13 00:29:56
509,977,member,2025-03-16 00:29:56
510,630,owner,2025-02-13 17:12:48
510,474,member,2025-02-11 17:12:48
511,621,owner,2025-02-04 16:51:30
511,565,member,2025-02-01 16:51:30
511,723,member,2025-01-26 16:51:30
512,459,owner,2025-01-29 17:35:48
512,898,member,2025-01-22 17:35:48
512,815,member,2025-01-21 17:35:48
518,176,owner,2025-05-01 20:56:31
518,512,member,2025-04-28 20:56:31
518,965,member,2025-05-06 20:56:31
518,625,member,2025-04-29 20:56:31
519,437,owner,2025-01-30 08:24:45
519,771,member,2025-01-24 08:24:45
519,990,member,2025-01-26 08:24:45
520,269,owner,2025-04-18 11:46:47
520,648,member,2025-04-27 11:46:47
520,160,member,2025-04-19 11:46:47
521,188,owner,2025-04-29 07:52:08
521,876,member,2025-05-03 07:52:08
521,611,member,2025-04-28 07:52:08
521,550,member,2025-04-28 07:52:08
522,17,owner,2025-04-06 02:47:07
522,491,member,2025-04-03 02:47:07
522,373,member,2025-03-31 02:47:07
522,689,member,2025-04-06 02:47:07
523,190,owner,2025-05-01 17:22:00
523,240,member,2025-04-28 17:22:00
523,448,member,2025-05-02 17:22:00
525,582,owner,2025-03-02 02:03:11
525,48,member,2025-02-27 02:03:11
526,540,owner,2025-04-07 00:09:55
526,826,member,2025-04-07 00:09:55
526,206,member,2025-04-14 00:09:55
528,850,owner,2025-01-12 09:08:37
528,37,member,2025-01-15 09:08:37
528,123,member,2025-01-19 09:08:37
529,605,owner,2025-04-23 21:38:01
529,311,member,2025-05-02 21:38:01
530,827,owner,2025-02-25 05:28:17
530,497,member,2025-03-04 05:28:17
530,517,member,2025-02-28 05:28:17
531,861,owner,2025-02-10 14:19:28
531,403,member,2025-02-16 14:19:28
531,741,member,2025-02-11 14:19:28
531,363,member,2025-02-09 14:19:28
533,243,owner,2025-02-22 22:02:10
533,318,member,2025-02-25 22:02:10
533,214,member,2025-02-28 22:02:10
533,643,member,2025-02-22 22:02:10
535,217,owner,2025-03-22 12:07:12
535,462,member,2025-03-23 12:07:12
535,204,member,2025-03-16 12:07:12
535,622,member,2025-03-18 12:07:12
535,28,member,2025-03-24 12:07:12
536,498,owner,2025-02-06 12:19:10
536,732,member,2025-01-27 12:19:10
538,413,owner,2025-04-19 15:17:05
538,467,member,2025-04-20 15:17:05
538,43,member,2025-04-13 15:17:05
539,755,owner,2025-03-21 15:01:11
539,998,member,2025-03-25 15:01:11
539,869,member,2025-03-17 15:01:11
539,273,member,2025-03-19 15:01:11
540,585,owner,2025-03-01 12:54:54
540,717,member,2025-03-07 12:54:54
540,822,member,2025-03-07 12:54:54
540,442,member,2025-03-09 12:54:54
542,756,owner,2025-02-18 04:00:26
542,587,member,2025-02-08 04:00:26
542,480,member,2025-02-09 04:00:26
542,205,member,2025-02-16 04:00:26
543,379,owner,2025-03-14 21:34:12
543,900,member,2025-03-08 21:34:12
543,814,member,2025-03-05 21:34:12
545,614,owner,2025-01-28 02:42:40
545,846,member,2025-01-27 02:42:40
545,387,member,2025-01-27 02:42:40
545,133,member,2025-02-03 02:42:40
546,54,owner,2025-03-05 06:05:21
546,243,member,2025-03-04 06:05:21
546,230,member,2025-03-05 06:05:21
549,569,owner,2025-05-03 00:04:47
549,275,member,2025-05-08 00:04:47
553,654,owner,2025-01-29 07:53:46
553,378,member,2025-01-27 07:53:46
553,442,member,2025-02-05 07:53:46
554,907,owner,2025-02-02 23:38:29
554,859,member,2025-02-01 23:38:29
554,293,member,2025-02-01 23:38:29
554,803,member,2025-02-03 23:38:29
556,786,owner,2025-03-09 12:21:18
556,932,member,2025-03-05 12:21:18
556,196,member,2025-03-12 12:21:18
556,12,member,2025-03-08 12:21:18
558,552,owner,2025-02-17 22:20:17
558,87,member,2025-02-17 22:20:17
560,299,owner,2025-03-25 12:41:46
560,860,member,2025-03-25 12:41:46
563,286,owner,2025-01-24 09:30:27
563,921,member,2025-01-24 09:30:27
563,185,member,2025-01-30 09:30:27
564,176,owner,2025-01-25 23:36:05
564,907,member,2025-01-29 23:36:05
564,743,member,2025-01-31 23:36:05
565,224,owner,2025-01-31 18:07:35
565,776,member,2025-01-31 18:07:35
566,751,owner,2025-02-13 12:37:22
566,566,member,2025-02-09 12:37:22
566,890,member,2025-02-06 12:37:22
567,531,owner,2025-04-26 14:47:02
567,325,member,2025-04-25 14:47:02
567,341,member,2025-05-01 14:47:02
568,695,owner,2025-03-06 02:46:55
568,464,member,2025-03-11 02:46:55
568,493,member,2025-03-07 02:46:55
570,352,owner,2025-01-25 14:52:51
570,512,member,2025-01-24 14:52:51
570,565,member,2025-01-25 14:52:51
571,117,owner,2025-01-16 21:05:18
571,540,member,2025-01-17 21:05:18
571,623,member,2025-01-21 21:05:18
573,15,owner,2025-04-23 06:19:02
573,529,member,2025-04-26 06:19:02
573,332,member,2025-04-27 06:19:02
574,593,owner,2025-02-25 06:55:21
574,143,member,2025-02-26 06:55:21
574,282,member,2025-02-23 06:55:21
575,797,owner,2025-02-03 14:56:26
575,182,member,2025-02-01 14:56:26
575,351,member,2025-02-07 14:56:26
577,227,owner,2025-01-30 06:02:13
577,701,member,2025-01-30 06:02:13
577,631,member,2025-02-01 06:02:13
578,80,owner,2025-03-24 00:14:07
578,74,member,2025-04-01 00:14:07
578,92,member,2025-04-01 00:14:07
579,263,owner,2025-03-01 14:22:17
579,12,member,2025-03-03 14:22:17
580,861,owner,2025-03-06 10:55:31
580,909,member,2025-03-04 10:55:31
580,674,member,2025-03-08 10:55:31
580,546,member,2025-03-05 10:55:31
581,41,owner,2025-01-31 12:34:39
581,177,member,2025-01-21 12:34:39
581,771,member,2025-01-31 12:34:39
584,898,owner,2025-04-07 19:03:23
584,566,member,2025-04-03 19:03:23
584,990,member,2025-04-01 19:03:23
587,163,owner,2025-03-26 15:48:00
587,649,member,2025-03-24 15:48:00
587,172,member,2025-03-29 15:48:00
587,64,member,2025-03-20 15:48:00
589,375,owner,2025-03-09 00:30:46
589,230,member,2025-03-10 00:30:46
589,313,member,2025-03-09 00:30:46
590,821,owner,2025-03-13 11:27:55
590,166,member,2025-03-21 11:27:55
591,896,owner,2025-01-20 21:04:01
591,693,member,2025-01-14 21:04:01
591,757,member,2025-01-16 21:04:01
592,968,owner,2025-01-24 18:03:43
592,114,member,2025-01-30 18:03:43
592,921,member,2025-01-26 18:03:43
593,388,owner,2025-03-24 19:39:54
593,493,member,2025-03-26 19:39:54
593,476,member,2025-03-25 19:39:54
593,706,member,2025-03-29 19:39:54
594,804,owner,2025-04-17 15:09:59
594,424,member,2025-04-18 15:09:59
594,295,member,2025-04-15 15:09:59
594,842,member,2025-04-15 15:09:59
598,744,owner,2025-03-20 19:57:24
598,503,member,2025-03-10 19:57:24
598,407,member,2025-03-14 19:57:24
598,591,member,2025-03-18 19:57:24
601,112,owner,2025-02-19 16:10:14
601,730,member,2025-02-18 16:10:14
603,216,owner,2025-02-13 17:04:23
603,687,member,2025-02-14 17:04:23
603,446,member,2025-02-11 17:04:23
603,434,member,2025-02-19 17:04:23
603,539,member,2025-02-18 17:04:23
606,922,owner,2025-05-01 12:20:45
606,420,member,2025-04-28 12:20:45
606,799,member,2025-04-29 12:20:45
608,619,owner,2025-02-27 00:04:26
608,673,member,2025-03-01 00:04:26
608,78,member,2025-02-24 00:04:26
610,57,owner,2025-04-13 05:59:22
610,784,member,2025-04-09 05:59:22
610,155,member,2025-04-17 05:59:22
613,998,owner,2025-01-22 21:00:34
613,560,member,2025-01-25 21:00:34
613,932,member,2025-01-25 21:00:34
617,452,owner,2025-01-29 05:38:10
617,387,member,2025-01-23 05:38:10
617,558,member,2025-01-25 05:38:10
618,429,owner,2025-01-24 12:08:36
618,376,member,2025-01-16 12:08:36
618,318,member,2025-01-18 12:08:36
620,303,owner,2025-01-11 05:25:08
620,495,member,2025-01-19 05:25:08
620,452,member,2025-01-16 05:25:08
620,14,member,2025-01-12 05:25:08
620,890,member,2025-01-13 05:25:08
622,775,owner,2025-02-27 06:56:01
622,879,member,2025-02-24 06:56:01
622,261,member,2025-03-03 06:56:01
622,159,member,2025-02-28 06:56:01
622,340,member,2025-02-24 06:56:01
624,574,owner,2025-03-02 20:27:27
624,798,member,2025-03-02 20:27:27
624,875,member,2025-03-03 20:27:27
625,872,owner,2025-03-02 04:51:06
625,743,member,2025-03-04 04:51:06
625,646,member,2025-03-02 04:51:06
626,264,owner,2025-04-19 20:48:40
626,479,member,2025-04-22 20:48:40
626,118,member,2025-04-17 20:48:40
627,576,owner,2025-02-08 08:39:15
627,20,member,2025-02-10 08:39:15
627,947,member,2025-02-04 08:39:15
628,418,owner,2025-03-21 18:31:03
628,660,member,2025-03-26 18:31:03
630,501,owner,2025-02-09 22:21:54
630,824,member,2025-01-30 22:21:54
630,202,member,2025-02-06 22:21:54
631,452,owner,2025-02-28 04:45:23
631,356,member,2025-02-24 04:45:23
631,550,member,2025-02-27 04:45:23
632,795,owner,2025-03-14 01:37:44
632,462,member,2025-03-08 01:37:44
633,279,owner,2025-02-18 22:45:34
633,549,member,2025-02-17 22:45:34
633,13,member,2025-02-14 22:45:34
633,467,member,2025-02-15 22:45:34
634,99,owner,2025-02-19 05:05:28
634,164,member,2025-02-22 05:05:28
634,560,member,2025-02-19 05:05:28
635,304,owner,2025-02-07 03:08:16
635,185,member,2025-02-09 03:08:16
635,877,member,2025-02-11 03:08:16
635,777,member,2025-02-13 03:08:16
635,610,member,2025-02-12 03:08:16
636,203,owner,2025-03-08 06:15:31
636,348,member,2025-03-09 06:15:31
639,152,owner,2025-02-11 21:35:25
639,527,member,2025-02-11 21:35:25
639,973,member,2025-02-08 21:35:25
639,348,member,2025-02-12 21:35:25
640,29,owner,2025-02-08 11:01:53
640,603,member,2025-02-17 11:01:53
640,379,member,2025-02-09 11:01:53
641,926,owner,2025-01-23 19:30:18
641,888,member,2025-01-26 19:30:18
642,975,owner,2025-04-22 17:29:27
642,764,member,2025-04-21 17:29:27
642,830,member,2025-04-27 17:29:27
642,974,member,2025-04-20 17:29:27
643,424,owner,2025-02-06 01:26:20
643,482,member,2025-02-01 01:26:20
644,942,owner,2025-04-29 14:53:18
644,824,member,2025-04-29 14:53:18
645,441,owner,2025-03-04 20:51:00
645,161,member,2025-02-27 20:51:00
645,39,member,2025-02-27 20:51:00
645,59,member,2025-03-03 20:51:00
646,381,owner,2025-03-17 06:05:44
646,60,member,2025-03-12 06:05:44
646,884,member,2025-03-14 06:05:44
647,698,owner,2025-04-28 12:56:44
647,148,member,2025-04-29 12:56:44
647,608,member,2025-05-06 12:56:44
648,593,owner,2025-01-24 05:51:24
648,666,member,2025-01-16 05:51:24
648,993,member,2025-01-20 05:51:24
648,172,member,2025-01-23 05:51:24
649,638,owner,2025-01-20 03:08:52
649,657,member,2025-01-24 03:08:52
649,93,member,2025-01-15 03:08:52
649,32,member,2025-01-16 03:08:52
650,805,owner,2025-03-03 07:28:35
650,494,member,2025-03-04 07:28:35
650,791,member,2025-03-01 07:28:35
650,485,member,2025-02-28 07:28:35
654,473,owner,2025-03-29 22:55:43
654,657,member,2025-04-04 22:55:43
655,320,owner,2025-02-16 00:50:39
655,535,member,2025-02-13 00:50:39
655,179,member,2025-02-13 00:50:39
655,161,member,2025-02-13 00:50:39
656,60,owner,2025-04-08 04:05:06
656,990,member,2025-04-03 04:05:06
656,786,member,2025-04-04 04:05:06
656,592,member,2025-04-06 04:05:06
657,900,owner,2025-03-26 15:43:38
657,66,member,2025-03-28 15:43:38
657,577,member,2025-03-25 15:43:38
658,12,owner,2025-04-13 19:48:28
658,578,member,2025-04-08 19:48:28
658,527,member,2025-04-12 19:48:28
659,942,owner,2025-04-05 04:44:11
659,779,member,2025-04-06 04:44:11
659,390,member,2025-04-02 04:44:11
659,832,member,2025-04-06 04:44:11
662,236,owner,2025-03-14 10:19:59
662,121,member,2025-03-15 10:19:59
662,327,member,2025-03-14 10:19:59
662,119,member,2025-03-16 10:19:59
663,440,owner,2025-03-16 13:32:26
663,622,member,2025-03-13 13:32:26
666,43,owner,2025-01-16 20:15:16
666,888,member,2025-01-13 20:15:16
667,266,owner,2025-04-11 05:50:30
667,456,member,2025-04-14 05:50:30
667,631,member,2025-04-17 05:50:30
671,724,owner,2025-03-04 09:27:41
671,967,member,2025-02-28 09:27:41
671,568,member,2025-02-28 09:27:41
671,784,member,2025-02-26 09:27:41
672,544,owner,2025-02-11 02:00:18
672,11,member,2025-02-11 02:00:18
672,939,member,2025-02-12 02:00:18
675,747,owner,2025-04-10 13:18:52
675,939,member,2025-04-12 13:18:52
675,9,member,2025-04-07 13:18:52
675,203,member,2025-04-02 13:18:52
675,581,member,2025-04-08 13:18:52
676,238,owner,2025-03-31 11:35:15
676,179,member,2025-03-31 11:35:15
676,81,member,2025-03-25 11:35:15
676,8,member,2025-04-01 11:35:15
676,549,member,2025-03-31 11:35:15
677,799,owner,2025-01-15 06:19:02
677,942,member,2025-01-15 06:19:02
678,299,owner,2025-04-18 07:18:40
678,928,member,2025-04-20 07:18:40
678,463,member,2025-04-20 07:18:40
680,791,owner,2025-04-22 17:26:49
680,403,member,2025-04-24 17:26:49
682,211,owner,2025-02-10 03:14:14
682,699,member,2025-02-10 03:14:14
682,556,member,2025-02-07 03:14:14
682,955,member,2025-02-05 03:14:14
683,115,owner,2025-03-19 21:25:49
683,384,member,2025-03-14 21:25:49
683,284,member,2025-03-18 21:25:49
684,316,owner,2025-04-30 03:06:39
684,677,member,2025-04-28 03:06:39
684,836,member,2025-05-01 03:06:39
684,974,member,2025-04-27 03:06:39
684,138,member,2025-04-30 03:06:39
686,167,owner,2025-01-29 13:38:41
686,470,member,2025-01-25 13:38:41
686,225,member,2025-01-31 13:38:41
686,642,member,2025-01-30 13:38:41
688,500,owner,2025-03-02 19:21:09
688,580,member,2025-03-08 19:21:09
688,734,member,2025-03-04 19:21:09
688,603,member,2025-03-06 19:21:09
690,292,owner,2025-04-05 03:55:52
690,904,member,2025-04-06 03:55:52
692,667,owner,2025-03-03 07:12:27
692,555,member,2025-03-06 07:12:27
693,448,owner,2025-04-27 06:15:28
693,900,member,2025-04-19 06:15:28
693,910,member,2025-04-23 06:15:28
695,424,owner,2025-03-01 07:31:14
695,55,member,2025-02-22 07:31:14
695,557,member,2025-02-21 07:31:14
697,182,owner,2025-04-09 01:42:38
697,521,member,2025-04-04 01:42:38
697,813,member,2025-04-10 01:42:38
698,544,owner,2025-04-05 06:22:11
698,668,member,2025-04-02 06:22:11
701,591,owner,2025-04-05 22:18:51
701,766,member,2025-04-01 22:18:51
701,984,member,2025-04-03 22:18:51
701,960,member,2025-04-01 22:18:51
703,394,owner,2025-03-07 09:12:19
703,189,member,2025-03-02 09:12:19
703,735,member,2025-03-05 09:12:19
705,392,owner,2025-02-21 17:33:37
705,209,member,2025-02-19 17:33:37
706,36,owner,2025-02-03 11:42:05
706,796,member,2025-01-31 11:42:05
706,151,member,2025-02-02 11:42:05
708,764,owner,2025-03-18 20:28:14
708,473,member,2025-03-13 20:28:14
708,522,member,2025-03-13 20:28:14
708,797,member,2025-03-14 20:28:14
709,446,owner,2025-04-05 23:57:01
709,206,member,2025-04-09 23:57:01
710,205,owner,2025-03-08 18:35:53
710,903,member,2025-03-12 18:35:53
710,373,member,2025-03-09 18:35:53
710,360,member,2025-03-05 18:35:53
711,463,owner,2025-01-18 02:08:41
711,353,member,2025-01-10 02:08:41
711,696,member,2025-01-15 02:08:41
712,151,owner,2025-01-27 08:59:30
712,625,member,2025-01-31 08:59:30
712,447,member,2025-02-03 08:59:30
713,881,owner,2025-03-02 13:19:36
713,68,member,2025-03-08 13:19:36
713,412,member,2025-03-06 13:19:36
714,96,owner,2025-02-19 17:46:24
714,12,member,2025-02-14 17:46:24
714,512,member,2025-02-11 17:46:24
714,530,member,2025-02-12 17:46:24
714,926,member,2025-02-11 17:46:24
715,564,owner,2025-02-28 00:19:00
715,709,member,2025-03-06 00:19:00
717,661,owner,2025-04-13 14:57:47
717,591,member,2025-04-12 14:57:47
717,146,member,2025-04-17 14:57:47
717,286,member,2025-04-13 14:57:47
719,296,owner,2025-03-26 06:09:19
719,120,member,2025-03-30 06:09:19
719,762,member,2025-03-25 06:09:19
720,258,owner,2025-05-06 16:32:25
720,77,member,2025-05-04 16:32:25
721,209,owner,2025-04-13 06:13:24
721,102,member,2025-04-10 06:13:24
721,351,member,2025-04-15 06:13:24
722,343,owner,2025-05-02 03:40:38
722,278,member,2025-05-03 03:40:38
724,302,owner,2025-02-23 12:06:54
724,681,member,2025-02-25 12:06:54
724,388,member,2025-02-25 12:06:54
724,287,member,2025-02-28 12:06:54
725,779,owner,2025-02-06 17:40:58
725,453,member,2025-02-10 17:40:58
725,31,member,2025-02-11 17:40:58
726,815,owner,2025-04-11 06:59:58
726,952,member,2025-04-13 06:59:58
730,724,owner,2025-03-22 10:04:53
730,389,member,2025-03-29 10:04:53
730,606,member,2025-03-21 10:04:53
730,620,member,2025-03-22 10:04:53
731,352,owner,2025-04-23 21:51:20
731,896,member,2025-04-21 21:51:20
732,160,owner,2025-03-10 03:44:30
732,24,member,2025-03-12 03:44:30
733,255,owner,2025-04-02 10:03:09
733,459,member,2025-03-31 10:03:09
733,931,member,2025-04-06 10:03:09
734,877,owner,2025-01-25 18:57:20
734,940,member,2025-01-21 18:57:20
734,61,member,2025-01-26 18:57:20
734,232,member,2025-01-27 18:57:20
735,263,owner,2025-03-26 11:54:05
735,422,member,2025-03-25 11:54:05
735,739,member,2025-04-01 11:54:05
736,536,owner,2025-03-28 17:51:56
736,639,member,2025-03-31 17:51:56
737,840,owner,2025-05-02 11:20:57
737,896,member,2025-04-30 11:20:57
739,986,owner,2025-04-27 02:26:41
739,942,member,2025-05-03 02:26:41
740,949,owner,2025-03-22 01:59:28
740,292,member,2025-03-21 01:59:28
740,852,member,2025-03-26 01:59:28
740,22,member,2025-03-20 01:59:28
741,743,owner,2025-02-11 12:38:36
741,530,member,2025-02-16 12:38:36
741,844,member,2025-02-16 12:38:36
741,314,member,2025-02-13 12:38:36
741,591,member,2025-02-09 12:38:36
742,209,owner,2025-04-15 16:36:20
742,250,member,2025-04-23 16:36:20
742,395,member,2025-04-17 16:36:20
743,886,owner,2025-01-27 01:33:56
743,568,member,2025-01-26 01:33:56
743,85,member,2025-01-25 01:33:56
745,830,owner,2025-02-11 11:09:25
745,398,member,2025-02-10 11:09:25
745,807,member,2025-02-10 11:09:25
745,212,member,2025-02-15 11:09:25
746,501,owner,2025-02-21 09:55:37
746,281,member,2025-02-21 09:55:37
746,73,member,2025-02-19 09:55:37
747,515,owner,2025-01-31 20:04:41
747,215,member,2025-01-31 20:04:41
747,719,member,2025-01-28 20:04:41
749,216,owner,2025-02-11 00:02:11
749,389,member,2025-02-10 00:02:11
749,421,member,2025-02-09 00:02:11
749,272,member,2025-02-18 00:02:11
752,44,owner,2025-02-22 18:28:13
752,817,member,2025-02-18 18:28:13
752,470,member,2025-02-20 18:28:13
753,264,owner,2025-02-11 20:41:26
753,695,member,2025-02-12 20:41:26
753,475,member,2025-02-16 20:41:26
754,865,owner,2025-02-24 17:19:51
754,724,member,2025-03-01 17:19:51
754,488,member,2025-02-21 17:19:51
755,518,owner,2025-02-02 22:43:38
755,241,member,2025-02-10 22:43:38
755,665,member,2025-02-02 22:43:38
756,558,owner,2025-01-30 23:21:30
756,756,member,2025-02-06 23:21:30
756,16,member,2025-02-06 23:21:30
757,442,owner,2025-04-10 05:15:49
757,477,member,2025-04-04 05:15:49
757,782,member,2025-04-10 05:15:49
757,894,member,2025-04-06 05:15:49
758,571,owner,2025-04-16 01:56:34
758,580,member,2025-04-23 01:56:34
758,686,member,2025-04-19 01:56:34
758,280,member,2025-04-15 01:56:34
760,899,owner,2025-02-02 21:22:39
760,661,member,2025-02-11 21:22:39
760,656,member,2025-02-07 21:22:39
760,384,member,2025-02-06 21:22:39
760,36,member,2025-02-03 21:22:39
763,208,owner,2025-02-28 13:52:38
763,696,member,2025-02-25 13:52:38
763,358,member,2025-03-01 13:52:38
763,988,member,2025-02-21 13:52:38
764,994,owner,2025-03-29 14:42:08
764,449,member,2025-04-03 14:42:08
767,24,owner,2025-03-06 07:37:32
767,345,member,2025-03-13 07:37:32
767,737,member,2025-03-11 07:37:32
767,507,member,2025-03-04 07:37:32
768,95,owner,2025-02-09 15:31:14
768,646,member,2025-02-18 15:31:14
768,158,member,2025-02-10 15:31:14
769,95,owner,2025-01-26 22:32:19
769,669,member,2025-02-03 22:32:19
769,586,member,2025-02-01 22:32:19
769,155,member,2025-01-29 22:32:19
770,831,owner,2025-02-18 23:51:28
770,230,member,2025-02-11 23:51:28
770,250,member,2025-02-18 23:51:28
771,522,owner,2025-03-10 08:48:58
771,295,member,2025-03-18 08:48:58
773,790,owner,2025-04-06 21:39:10
773,262,member,2025-04-04 21:39:10
773,391,member,2025-04-05 21:39:10
773,949,member,2025-04-08 21:39:10
774,106,owner,2025-03-01 05:07:02
774,854,member,2025-03-07 05:07:02
774,865,member,2025-03-02 05:07:02
775,578,owner,2025-03-08 17:08:03
775,895,member,2025-03-07 17:08:03
775,561,member,2025-03-06 17:08:03
775,694,member,2025-03-05 17:08:03
776,606,owner,2025-05-05 12:27:49
776,718,member,2025-05-02 12:27:49
779,463,owner,2025-04-16 10:28:15
779,664,member,2025-04-26 10:28:15
781,116,owner,2025-01-22 22:09:41
781,202,member,2025-01-22 22:09:41
781,882,member,2025-01-27 22:09:41
781,122,member,2025-01-24 22:09:41
783,984,owner,2025-04-10 15:39:47
783,774,member,2025-04-11 15:39:47
784,979,owner,2025-02-09 09:44:58
784,21,member,2025-02-09 09:44:58
784,517,member,2025-02-13 09:44:58
785,612,owner,2025-01-28 06:13:54
785,786,member,2025-01-31 06:13:54
785,61,member,2025-01-25 06:13:54
786,151,owner,2025-01-15 19:45:01
786,907,member,2025-01-13 19:45:01
786,425,member,2025-01-22 19:45:01
786,642,member,2025-01-16 19:45:01
787,921,owner,2025-03-09 10:48:12
787,494,member,2025-03-01 10:48:12
787,381,member,2025-03-03 10:48:12
787,235,member,2025-03-07 10:48:12
788,195,owner,2025-02-19 16:17:50
788,318,member,2025-02-17 16:17:50
790,544,owner,2025-01-20 23:44:19
790,780,member,2025-01-15 23:44:19
791,472,owner,2025-02-19 20:36:28
791,958,member,2025-02-17 20:36:28
791,473,member,2025-02-15 20:36:28
791,818,member,2025-02-16 20:36:28
794,796,owner,2025-02-21 17:29:48
794,649,member,2025-02-28 17:29:48
794,427,member,2025-02-25 17:29:48
794,234,member,2025-02-25 17:29:48
795,831,owner,2025-01-26 17:36:34
795,419,member,2025-01-23 17:36:34
795,270,member,2025-01-18 17:36:34
795,79,member,2025-01-26 17:36:34
796,324,owner,2025-03-21 08:52:18
796,392,member,2025-03-26 08:52:18
797,652,owner,2025-01-18 17:12:00
797,633,member,2025-01-13 17:12:00
797,345,member,2025-01-22 17:12:00
797,441,member,2025-01-13 17:12:00
798,18,owner,2025-04-20 16:41:26
798,181,member,2025-04-20 16:41:26
798,135,member,2025-04-28 16:41:26
798,638,member,2025-04-30 16:41:26
803,877,owner,2025-02-26 07:18:52
803,875,member,2025-02-19 07:18:52
804,980,owner,2025-01-27 08:36:49
804,854,member,2025-01-22 08:36:49
804,772,member,2025-01-26 08:36:49
806,305,owner,2025-04-07 09:35:34
806,736,member,2025-04-04 09:35:34
808,621,owner,2025-02-26 20:15:11
808,674,member,2025-02-23 20:15:11
808,393,member,2025-02-27 20:15:11
809,88,owner,2025-02-28 16:48:23
809,800,member,2025-02-20 16:48:23
809,771,member,2025-02-28 16:48:23
809,848,member,2025-02-25 16:48:23
810,934,owner,2025-02-04 12:02:02
810,365,member,2025-01-28 12:02:02
810,800,member,2025-02-04 12:02:02
810,17,member,2025-02-02 12:02:02
811,365,owner,2025-02-24 00:43:48
811,261,member,2025-02-25 00:43:48
811,260,member,2025-02-28 00:43:48
815,981,owner,2025-03-04 07:19:36
815,617,member,2025-02-27 07:19:36
815,209,member,2025-03-08 07:19:36
815,396,member,2025-03-02 07:19:36
817,350,owner,2025-04-24 02:14:16
817,361,member,2025-04-26 02:14:16
817,352,member,2025-04-27 02:14:16
817,713,member,2025-05-01 02:14:16
819,720,owner,2025-02-23 22:21:18
819,794,member,2025-02-26 22:21:18
820,73,owner,2025-01-31 20:59:30
820,604,member,2025-02-02 20:59:30
820,251,member,2025-01-26 20:59:30
821,907,owner,2025-03-08 03:03:01
821,565,member,2025-03-07 03:03:01
821,766,member,2025-03-04 03:03:01
821,411,member,2025-03-11 03:03:01
822,324,owner,2025-04-14 22:09:12
822,413,member,2025-04-13 22:09:12
822,367,member,2025-04-15 22:09:12
822,283,member,2025-04-10 22:09:12
823,992,owner,2025-02-23 21:45:13
823,681,member,2025-02-18 21:45:13
823,30,member,2025-02-19 21:45:13
823,997,member,2025-02-21 21:45:13
825,975,owner,2025-01-10 00:08:38
825,484,member,2025-01-15 00:08:38
825,984,member,2025-01-14 00:08:38
825,78,member,2025-01-10 00:08:38
827,989,owner,2025-04-26 17:43:37
827,565,member,2025-04-21 17:43:37
827,172,member,2025-04-25 17:43:37
830,24,owner,2025-02-04 04:08:52
830,374,member,2025-02-01 04:08:52
830,814,member,2025-01-27 04:08:52
832,750,owner,2025-04-27 20:01:34
832,200,member,2025-04-26 20:01:34
832,925,member,2025-04-28 20:01:34
833,83,owner,2025-03-28 18:31:52
833,776,member,2025-03-31 18:31:52
833,332,member,2025-04-01 18:31:52
833,108,member,2025-04-01 18:31:52
834,948,owner,2025-03-17 19:44:20
834,855,member,2025-03-07 19:44:20
834,808,member,2025-03-10 19:44:20
842,250,owner,2025-04-26 05:44:14
842,264,member,2025-04-20 05:44:14
844,646,owner,2025-03-25 08:00:27
844,3,member,2025-03-15 08:00:27
844,294,member,2025-03-21 08:00:27
846,147,owner,2025-04-19 10:46:53
846,587,member,2025-04-15 10:46:53
847,39,owner,2025-01-13 13:23:18
847,430,member,2025-01-19 13:23:18
847,458,member,2025-01-17 13:23:18
848,705,owner,2025-03-07 18:29:26
848,265,member,2025-02-28 18:29:26
849,216,owner,2025-02-18 04:37:45
849,356,member,2025-02-12 04:37:45
849,309,member,2025-02-18 04:37:45
851,413,owner,2025-03-21 09:56:08
851,805,member,2025-03-22 09:56:08
852,236,owner,2025-04-09 00:46:18
852,790,member,2025-04-03 00:46:18
852,759,member,2025-04-05 00:46:18
852,743,member,2025-04-02 00:46:18
855,294,owner,2025-04-08 07:09:56
855,176,member,2025-04-13 07:09:56
855,258,member,2025-04-11 07:09:56
855,467,member,2025-04-17 07:09:56
856,719,owner,2025-02-10 08:07:24
856,455,member,2025-02-17 08:07:24
856,47,member,2025-02-12 08:07:24
856,881,member,2025-02-13 08:07:24
858,355,owner,2025-03-02 03:12:03
858,493,member,2025-03-08 03:12:03
858,641,member,2025-02-28 03:12:03
861,588,owner,2025-02-08 15:03:45
861,759,member,2025-02-09 15:03:45
862,706,owner,2025-03-10 16:32:56
862,169,member,2025-03-04 16:32:56
864,674,owner,2025-02-26 03:38:23
864,25,member,2025-02-24 03:38:23
864,889,member,2025-03-04 03:38:23
864,52,member,2025-02-27 03:38:23
866,443,owner,2025-04-06 06:53:45
866,270,member,2025-04-04 06:53:45
866,324,member,2025-04-09 06:53:45
867,594,owner,2025-02-17 07:01:28
867,117,member,2025-02-15 07:01:28
867,942,member,2025-02-09 07:01:28
867,541,member,2025-02-11 07:01:28
868,860,owner,2025-02-01 12:16:21
868,323,member,2025-01-28 12:16:21
868,650,member,2025-01-27 12:16:21
869,585,owner,2025-02-17 17:01:20
869,595,member,2025-02-24 17:01:20
869,94,member,2025-02-20 17:01:20
871,796,owner,2025-04-20 06:00:24
871,962,member,2025-04-16 06:00:24
871,609,member,2025-04-22 06:00:24
871,813,member,2025-04-20 06:00:24
873,409,owner,2025-03-23 03:41:53
873,612,member,2025-03-18 03:41:53
873,249,member,2025-03-18 03:41:53
874,814,owner,2025-02-11 03:02:10
874,415,member,2025-02-08 03:02:10
875,621,owner,2025-01-21 11:40:35
875,55,member,2025-01-22 11:40:35
875,126,member,2025-01-20 11:40:35
876,33,owner,2025-03-10 19:00:11
876,962,member,2025-03-09 19:00:11
878,821,owner,2025-03-10 02:05:38
878,923,member,2025-03-10 02:05:38
878,657,member,2025-03-10 02:05:38
878,847,member,2025-03-12 02:05:38
879,87,owner,2025-03-12 07:51:21
879,643,member,2025-03-12 07:51:21
879,502,member,2025-03-04 07:51:21
880,986,owner,2025-02-20 21:40:37
880,143,member,2025-02-20 21:40:37
880,444,member,2025-02-22 21:40:37
881,530,owner,2025-05-01 23:32:11
881,464,member,2025-05-10 23:32:11
881,824,member,2025-05-07 23:32:11
882,91,owner,2025-02-15 06:58:59
882,261,member,2025-02-18 06:58:59
882,22,member,2025-02-11 06:58:59
883,212,owner,2025-04-10 17:27:51
883,45,member,2025-04-16 17:27:51
884,919,owner,2025-04-26 23:01:51
884,284,member,2025-04-26 23:01:51
885,175,owner,2025-01-23 23:29:31
885,73,member,2025-01-23 23:29:31
886,773,owner,2025-03-14 23:07:23
886,276,member,2025-03-17 23:07:23
886,545,member,2025-03-16 23:07:23
886,202,member,2025-03-18 23:07:23
887,658,owner,2025-03-01 02:29:50
887,335,member,2025-02-27 02:29:50
887,572,member,2025-03-03 02:29:50
887,15,member,2025-03-07 02:29:50
890,8,owner,2025-03-19 01:34:32
890,90,member,2025-03-25 01:34:32
890,736,member,2025-03-23 01:34:32
891,978,owner,2025-01-24 12:25:52
891,655,member,2025-02-01 12:25:52
892,469,owner,2025-02-22 18:25:46
892,167,member,2025-02-21 18:25:46
892,322,member,2025-02-24 18:25:46
895,152,owner,2025-01-21 20:34:37
895,781,member,2025-01-24 20:34:37
897,704,owner,2025-03-26 23:27:59
897,500,member,2025-03-28 23:27:59
897,671,member,2025-03-26 23:27:59
898,493,owner,2025-01-25 18:27:08
898,655,member,2025-01-24 18:27:08
898,186,member,2025-01-19 18:27:08
900,353,owner,2025-03-06 03:51:56
900,839,member,2025-03-03 03:51:56
901,137,owner,2025-04-21 08:20:29
901,45,member,2025-04-30 08:20:29
901,809,member,2025-05-01 08:20:29
901,359,member,2025-05-01 08:20:29
902,167,owner,2025-02-24 22:44:40
902,536,member,2025-02-20 22:44:40
902,980,member,2025-02-20 22:44:40
902,831,member,2025-02-18 22:44:40
903,696,owner,2025-03-01 19:57:10
903,338,member,2025-02-24 19:57:10
905,483,owner,2025-01-19 07:51:19
905,151,member,2025-01-22 07:51:19
905,661,member,2025-01-24 07:51:19
906,140,owner,2025-04-24 15:58:49
906,327,member,2025-04-29 15:58:49
906,749,member,2025-04-25 15:58:49
907,612,owner,2025-04-03 08:36:03
907,205,member,2025-04-04 08:36:03
907,940,member,2025-04-05 08:36:03
909,749,owner,2025-04-13 20:11:06
909,497,member,2025-04-14 20:11:06
909,885,member,2025-04-13 20:11:06
909,609,member,2025-04-08 20:11:06
910,107,owner,2025-03-24 19:09:37
910,210,member,2025-03-20 19:09:37
911,794,owner,2025-03-09 13:32:00
911,177,member,2025-03-07 13:32:00
911,839,member,2025-03-08 13:32:00
913,304,owner,2025-03-04 11:32:27
913,652,member,2025-03-08 11:32:27
913,717,member,2025-03-08 11:32:27
913,995,member,2025-03-05 11:32:27
914,354,owner,2025-02-17 22:52:32
914,711,member,2025-02-23 22:52:32
914,102,member,2025-02-16 22:52:32
914,457,member,2025-02-26 22:52:32
916,144,owner,2025-01-25 17:15:20
916,441,member,2025-01-18 17:15:20
916,869,member,2025-01-26 17:15:20
916,787,member,2025-01-26 17:15:20
917,305,owner,2025-05-01 05:21:13
917,551,member,2025-05-02 05:21:13
917,236,member,2025-04-29 05:21:13
917,697,member,2025-05-01 05:21:13
918,39,owner,2025-04-15 08:05:54
918,432,member,2025-04-15 08:05:54
918,1000,member,2025-04-19 08:05:54
918,49,member,2025-04-18 08:05:54
921,204,owner,2025-01-16 21:56:24
921,422,member,2025-01-20 21:56:24
921,725,member,2025-01-26 21:56:24
922,298,owner,2025-02-18 19:10:01
922,369,member,2025-02-20 19:10:01
922,998,member,2025-02-15 19:10:01
922,20,member,2025-02-20 19:10:01
923,246,owner,2025-02-01 23:31:10
923,751,member,2025-01-23 23:31:10
923,796,member,2025-01-25 23:31:10
925,339,owner,2025-05-02 09:13:39
925,550,member,2025-05-04 09:13:39
925,312,member,2025-04-29 09:13:39
925,292,member,2025-05-04 09:13:39
925,244,member,2025-05-02 09:13:39
927,954,owner,2025-02-21 05:10:53
927,923,member,2025-02-22 05:10:53
928,341,owner,2025-04-03 15:01:32
928,419,member,2025-04-01 15:01:32
928,885,member,2025-04-03 15:01:32
928,333,member,2025-04-05 15:01:32
928,598,member,2025-03-30 15:01:32
929,218,owner,2025-02-10 06:56:05
929,607,member,2025-02-08 06:56:05
929,964,member,2025-02-08 06:56:05
930,568,owner,2025-02-25 03:13:45
930,100,member,2025-02-20 03:13:45
930,835,member,2025-02-28 03:13:45
930,376,member,2025-02-24 03:13:45
930,535,member,2025-03-02 03:13:45
932,363,owner,2025-01-30 17:12:10
932,803,member,2025-01-30 17:12:10
932,594,member,2025-01-29 17:12:10
934,344,owner,2025-01-19 15:40:33
934,540,member,2025-01-18 15:40:33
935,199,owner,2025-01-21 13:38:40
935,62,member,2025-01-19 13:38:40
935,994,member,2025-01-22 13:38:40
935,693,member,2025-01-22 13:38:40
937,17,owner,2025-04-08 07:20:06
937,719,member,2025-04-03 07:20:06
937,489,member,2025-04-08 07:20:06
937,646,member,2025-04-08 07:20:06
938,528,owner,2025-03-16 08:07:49
938,895,member,2025-03-12 08:07:49
941,810,owner,2025-01-30 04:38:20
941,259,member,2025-02-03 04:38:20
944,110,owner,2025-03-11 07:54:20
944,729,member,2025-03-10 07:54:20
944,922,member,2025-03-15 07:54:20
944,195,member,2025-03-13 07:54:20
946,23,owner,2025-04-28 13:44:14
946,43,member,2025-05-07 13:44:14
946,22,member,2025-05-03 13:44:14
947,4,owner,2025-04-02 02:58:00
947,693,member,2025-04-03 02:58:00
947,774,member,2025-04-06 02:58:00
949,391,owner,2025-03-30 05:34:42
949,360,member,2025-04-05 05:34:42
949,295,member,2025-03-29 05:34:42
949,505,member,2025-04-01 05:34:42
950,870,owner,2025-01-29 10:36:45
950,828,member,2025-01-27 10:36:45
950,356,member,2025-02-02 10:36:45
950,157,member,2025-01-27 10:36:45
952,206,owner,2025-04-08 19:20:36
952,267,member,2025-04-08 19:20:36
952,385,member,2025-04-10 19:20:36
953,41,owner,2025-04-27 17:16:22
953,738,member,2025-04-27 17:16:22
953,520,member,2025-05-05 17:16:22
953,347,member,2025-05-06 17:16:22
954,761,owner,2025-02-14 06:17:32
954,926,member,2025-02-18 06:17:32
954,948,member,2025-02-17 06:17:32
954,261,member,2025-02-15 06:17:32
956,75,owner,2025-02-22 02:56:54
956,416,member,2025-02-23 02:56:54
956,637,member,2025-02-14 02:56:54
957,282,owner,2025-03-30 08:01:02
957,161,member,2025-04-03 08:01:02
957,7,member,2025-03-27 08:01:02
958,602,owner,2025-02-12 19:58:29
958,3,member,2025-02-12 19:58:29
958,297,member,2025-02-11 19:58:29
959,702,owner,2025-02-28 05:10:37
959,918,member,2025-02-28 05:10:37
959,416,member,2025-03-04 05:10:37
960,956,owner,2025-01-29 05:41:11
960,342,member,2025-01-31 05:41:11
962,236,owner,2025-01-21 19:32:50
962,191,member,2025-01-26 19:32:50
962,834,member,2025-01-23 19:32:50
964,981,owner,2025-04-14 00:40:37
964,170,member,2025-04-14 00:40:37
968,739,owner,2025-03-27 08:28:35
968,293,member,2025-03-20 08:28:35
969,7,owner,2025-03-27 09:19:23
969,780,member,2025-03-26 09:19:23
970,690,owner,2025-04-10 08:24:55
970,352,member,2025-04-10 08:24:55
970,368,member,2025-04-10 08:24:55
970,822,member,2025-04-09 08:24:55
971,170,owner,2025-03-12 16:31:27
971,7,member,2025-03-19 16:31:27
971,68,member,2025-03-14 16:31:27
973,982,owner,2025-02-09 20:14:51
973,490,member,2025-02-08 20:14:51
973,313,member,2025-01-31 20:14:51
974,700,owner,2025-01-26 10:53:28
974,647,member,2025-01-24 10:53:28
976,69,owner,2025-01-21 10:30:10
976,99,member,2025-01-23 10:30:10
977,509,owner,2025-03-24 06:31:02
977,809,member,2025-03-28 06:31:02
980,207,owner,2025-01-27 22:38:11
980,54,member,2025-01-29 22:38:11
980,554,member,2025-01-22 22:38:11
981,494,owner,2025-03-07 04:50:06
981,891,member,2025-03-14 04:50:06
982,781,owner,2025-03-15 23:53:48
982,63,member,2025-03-15 23:53:48
982,975,member,2025-03-14 23:53:48
987,109,owner,2025-04-01 01:55:28
987,68,member,2025-04-11 01:55:28
987,261,member,2025-04-01 01:55:28
988,376,owner,2025-01-22 22:10:53
988,778,member,2025-01-28 22:10:53
988,878,member,2025-01-23 22:10:53
988,141,member,2025-01-28 22:10:53
988,464,member,2025-01-27 22:10:53
989,396,owner,2025-01-29 10:24:45
989,302,member,2025-01-26 10:24:45
990,251,owner,2025-04-23 03:27:47
990,968,member,2025-04-21 03:27:47
990,130,member,2025-04-20 03:27:47
991,750,owner,2025-05-01 16:23:53
991,403,member,2025-04-29 16:23:53
991,959,member,2025-04-21 16:23:53
991,321,member,2025-04-25 16:23:53
992,415,owner,2025-03-29 07:44:48
992,806,member,2025-03-28 07:44:48
992,155,member,2025-04-01 07:44:48
992,485,member,2025-03-28 07:44:48
995,256,owner,2025-04-23 09:13:03
995,524,member,2025-04-15 09:13:03
995,217,member,2025-04-17 09:13:03
996,78,owner,2025-03-28 18:06:50
996,503,member,2025-04-01 18:06:50
997,33,owner,2025-03-02 12:17:48
997,330,member,2025-03-06 12:17:48
999,596,owner,2025-01-14 17:02:47
999,971,member,2025-01-19 17:02:47
999,576,member,2025-01-17 17:02:47
999,432,member,2025-01-19 17:02:47
1000,48,owner,2025-03-11 11:43:35
1000,159,member,2025-03-10 11:43:35
